key,run,metric,index_zero_based,value,nonfinite,source_line
pilot,15b-fmt10_20260902T175126Z,raw_reward,0,0.03955139700275256,False,1979
pilot,15b-fmt10_20260902T175126Z,grad_norm,0,22.605631087956063,False,1989
pilot,15b-fmt10_20260902T175126Z,grad_norm,1,58.11646232660222,False,1992
pilot,15b-fmt10_20260902T175126Z,raw_reward,1,0.006155000327125629,False,2334
pilot,15b-fmt10_20260902T175126Z,grad_norm,2,0.3435430770916013,False,2342
pilot,15b-fmt10_20260902T175126Z,grad_norm,3,12.696662788767751,False,2347
pilot,15b-fmt10_20260902T175126Z,raw_reward,2,0.02707849595543173,False,2581
pilot,15b-fmt10_20260902T175126Z,grad_norm,4,3.8268905206216353,False,2585
pilot,15b-fmt10_20260902T175126Z,grad_norm,5,6.121842485217858,False,2588
pilot,15b-fmt10_20260902T175126Z,raw_reward,3,0.003505374679577386,False,2801
pilot,15b-fmt10_20260902T175126Z,grad_norm,6,26.799045557135752,False,2805
pilot,15b-fmt10_20260902T175126Z,grad_norm,7,5.104016214865157,False,2808
pilot,15b-fmt10_20260902T175126Z,raw_reward,4,0.0017351827505501516,False,3153
pilot,15b-fmt10_20260902T175126Z,grad_norm,8,47.392791225631036,False,3157
pilot,15b-fmt10_20260902T175126Z,grad_norm,9,0.2382234362521987,False,3162
pilot,15b-fmt10_20260902T175126Z,raw_reward,5,0.0,False,3321
pilot,15b-fmt10_20260902T175126Z,grad_norm,10,0.2384960504015895,False,3325
pilot,15b-fmt10_20260902T175126Z,grad_norm,11,0.09225064596154162,False,3328
pilot,15b-fmt10_20260902T175126Z,raw_reward,6,0.015798022074984694,False,3717
pilot,15b-fmt10_20260902T175126Z,grad_norm,12,0.05540553927221221,False,3721
pilot,15b-fmt10_20260902T175126Z,grad_norm,13,6.675026928565181,False,3726
pilot,15b-fmt10_20260902T175126Z,raw_reward,7,0.0,False,4073
pilot,15b-fmt10_20260902T175126Z,grad_norm,14,0.036122501036064264,False,4079
pilot,15b-fmt10_20260902T175126Z,grad_norm,15,0.061121050477050666,False,4082
pilot,15b-fmt10_20260902T175126Z,raw_reward,8,0.0,False,4259
pilot,15b-fmt10_20260902T175126Z,grad_norm,16,0.11281600733374411,False,4263
pilot,15b-fmt10_20260902T175126Z,grad_norm,17,0.06845072705005169,False,4265
pilot,15b-fmt10_20260902T175126Z,raw_reward,9,0.0,False,4608
pilot,15b-fmt10_20260902T175126Z,grad_norm,18,0.07184759581627662,False,4612
pilot,15b-fmt10_20260902T175126Z,grad_norm,19,2.755614963996869,False,4617
pilot,15b-fmt10_20260902T175126Z,raw_reward,10,0.0,False,4964
pilot,15b-fmt10_20260902T175126Z,grad_norm,20,0.04800695616033628,False,4968
pilot,15b-fmt10_20260902T175126Z,grad_norm,21,0.06269677671463675,False,4973
pilot,15b-fmt10_20260902T175126Z,raw_reward,11,0.0013376206359897239,False,5150
pilot,15b-fmt10_20260902T175126Z,grad_norm,22,21.11134899518466,False,5154
pilot,15b-fmt10_20260902T175126Z,grad_norm,23,0.06783842425723664,False,5156
pilot,15b-fmt10_20260902T175126Z,raw_reward,12,0.0,False,5327
pilot,15b-fmt10_20260902T175126Z,grad_norm,24,0.08641994855347826,False,5331
pilot,15b-fmt10_20260902T175126Z,grad_norm,25,0.5486313001992774,False,5334
pilot,15b-fmt10_20260902T175126Z,raw_reward,13,0.0004937627747996845,False,5837
pilot,15b-fmt10_20260902T175126Z,grad_norm,26,0.05631334608931639,False,5841
pilot,15b-fmt10_20260902T175126Z,grad_norm,27,2.7749729258273326,False,5846
pilot,15b-fmt10_20260902T175126Z,raw_reward,14,0.003925862230218992,False,6035
pilot,15b-fmt10_20260902T175126Z,grad_norm,28,3.9982712109218435,False,6039
pilot,15b-fmt10_20260902T175126Z,grad_norm,29,0.0828265707864685,False,6042
pilot,15b-fmt10_20260902T175126Z,raw_reward,15,0.0,False,6241
pilot,15b-fmt10_20260902T175126Z,grad_norm,30,0.08266454290890887,False,6245
pilot,15b-fmt10_20260902T175126Z,grad_norm,31,0.09093727251070283,False,6248
pilot,15b-fmt10_20260902T175126Z,raw_reward,16,0.0014609307875276811,False,6433
pilot,15b-fmt10_20260902T175126Z,grad_norm,32,801.0932764041901,False,6439
pilot,15b-fmt10_20260902T175126Z,grad_norm,33,6.568397996002276,False,6442
pilot,15b-fmt10_20260902T175126Z,raw_reward,17,0.0,False,6622
pilot,15b-fmt10_20260902T175126Z,grad_norm,34,0.06372866087584252,False,6626
pilot,15b-fmt10_20260902T175126Z,grad_norm,35,0.07464297047531972,False,6629
pilot,15b-fmt10_20260902T175126Z,raw_reward,18,0.006961884720818101,False,6817
pilot,15b-fmt10_20260902T175126Z,grad_norm,36,0.052234786583730666,False,6821
pilot,15b-fmt10_20260902T175126Z,grad_norm,37,313.9542288495251,False,6824
pilot,15b-fmt10_20260902T175126Z,raw_reward,19,0.0,False,7174
pilot,15b-fmt10_20260902T175126Z,grad_norm,38,0.0828538476538006,False,7180
pilot,15b-fmt10_20260902T175126Z,grad_norm,39,0.2500424647029005,False,7185
pilot,15b-fmt10_20260902T175126Z,raw_reward,20,0.002653318109103478,False,7697
pilot,15b-fmt10_20260902T175126Z,grad_norm,40,3.407272325439666,False,7703
pilot,15b-fmt10_20260902T175126Z,grad_norm,41,9.478022400816064,False,7706
pilot,15b-fmt10_20260902T175126Z,raw_reward,21,0.00597508464784182,False,7876
pilot,15b-fmt10_20260902T175126Z,grad_norm,42,3.4545254866465562,False,7880
pilot,15b-fmt10_20260902T175126Z,grad_norm,43,14.619742206435008,False,7882
pilot,15b-fmt10_20260902T175126Z,raw_reward,22,0.0005969923342361294,False,8067
pilot,15b-fmt10_20260902T175126Z,grad_norm,44,0.05314122979404059,False,8071
pilot,15b-fmt10_20260902T175126Z,grad_norm,45,4.832786112533543,False,8074
pilot,15b-fmt10_20260902T175126Z,raw_reward,23,0.0030631019140320084,False,8252
pilot,15b-fmt10_20260902T175126Z,grad_norm,46,2.5680527420629127,False,8256
pilot,15b-fmt10_20260902T175126Z,grad_norm,47,0.7146512799077458,False,8259
pilot,15b-fmt10_20260902T175126Z,raw_reward,24,0.002371912732763694,False,8457
pilot,15b-fmt10_20260902T175126Z,grad_norm,48,19.417947926085194,False,8461
pilot,15b-fmt10_20260902T175126Z,grad_norm,49,5.5603676469952035,False,8464
pilot,15b-fmt10_20260902T175126Z,raw_reward,25,0.001704002959757464,False,8640
pilot,15b-fmt10_20260902T175126Z,grad_norm,50,11.505353262135129,False,8644
pilot,15b-fmt10_20260902T175126Z,grad_norm,51,2.04357166037137,False,8647
pilot,15b-fmt10_20260902T175126Z,raw_reward,26,0.0001966686864699127,False,8825
pilot,15b-fmt10_20260902T175126Z,grad_norm,52,1.493384874481893,False,8829
pilot,15b-fmt10_20260902T175126Z,grad_norm,53,81.73241401059924,False,8832
pilot,15b-fmt10_20260902T175126Z,raw_reward,27,0.000814584530326859,False,9179
pilot,15b-fmt10_20260902T175126Z,grad_norm,54,12.220183539627689,False,9183
pilot,15b-fmt10_20260902T175126Z,grad_norm,55,0.10100354843055613,False,9188
pilot,15b-fmt10_20260902T175126Z,raw_reward,28,2.1394468072644113e-05,False,9543
pilot,15b-fmt10_20260902T175126Z,grad_norm,56,4.0178575061616275,False,9547
pilot,15b-fmt10_20260902T175126Z,grad_norm,57,0.03094775376005635,False,9552
pilot,15b-fmt10_20260902T175126Z,raw_reward,29,0.0007299475115325124,False,9899
pilot,15b-fmt10_20260902T175126Z,grad_norm,58,0.09157254322649029,False,9905
pilot,15b-fmt10_20260902T175126Z,grad_norm,59,4.322540757101286,False,9910
base,9b-base_20260909T073721Z,raw_reward,0,0.03257628742900092,False,2204
base,9b-base_20260909T073721Z,grad_norm,0,21553.41569218206,False,2222
base,9b-base_20260909T073721Z,raw_reward,1,0.0061790807908156595,False,2493
base,9b-base_20260909T073721Z,grad_norm,1,226453842.0485661,False,2526
base,9b-base_20260909T073721Z,raw_reward,2,0.004245097924377911,False,2842
base,9b-base_20260909T073721Z,grad_norm,2,6646415994.556108,False,2879
base,9b-base_20260909T073721Z,raw_reward,3,0.01737826490747929,False,3171
base,9b-base_20260909T073721Z,grad_norm,3,133030.1773884407,False,3203
base,9b-base_20260909T073721Z,raw_reward,4,0.0005507852061663876,False,3470
base,9b-base_20260909T073721Z,grad_norm,4,124736.3447917246,False,3503
base,9b-base_20260909T073721Z,raw_reward,5,0.013769350599871222,False,3723
base,9b-base_20260909T073721Z,grad_norm,5,124611.0487557183,False,3755
base,9b-base_20260909T073721Z,raw_reward,6,0.0016760160482320735,False,4011
base,9b-base_20260909T073721Z,grad_norm,6,231215.20669713747,False,4044
base,9b-base_20260909T073721Z,raw_reward,7,0.00022207581030585927,False,4454
base,9b-base_20260909T073721Z,grad_norm,7,222111627.13784465,False,4466
base,9b-base_20260909T073721Z,raw_reward,8,0.014325168791066135,False,4742
base,9b-base_20260909T073721Z,grad_norm,8,59335311.4242414,False,4774
base,9b-base_20260909T073721Z,raw_reward,9,9.811697149086918e-06,False,4998
base,9b-base_20260909T073721Z,grad_norm,9,73126863.41185565,False,5031
base,9b-base_20260909T073721Z,raw_reward,10,2.6659506951798306e-05,False,5292
base,9b-base_20260909T073721Z,grad_norm,10,78178937.26094608,False,5325
base,9b-base_20260909T073721Z,raw_reward,11,0.005131781660860972,False,5669
base,9b-base_20260909T073721Z,grad_norm,11,123446863.39377059,False,5702
base,9b-base_20260909T073721Z,raw_reward,12,0.0014512581380404094,False,5924
base,9b-base_20260909T073721Z,grad_norm,12,61172568.48709048,False,5957
base,9b-base_20260909T073721Z,raw_reward,13,0.0020577581124558084,False,6168
base,9b-base_20260909T073721Z,grad_norm,13,64084457.27057481,False,6201
base,9b-base_20260909T073721Z,raw_reward,14,0.004452643928665748,False,6525
base,9b-base_20260909T073721Z,grad_norm,14,10529662149.124226,False,6537
base,9b-base_20260909T073721Z,raw_reward,15,0.0022528586110238807,False,6967
base,9b-base_20260909T073721Z,grad_norm,15,52991149.88520042,False,7000
base,9b-base_20260909T073721Z,raw_reward,16,0.0,False,7255
base,9b-base_20260909T073721Z,grad_norm,16,57027255.742065795,False,7288
base,9b-base_20260909T073721Z,raw_reward,17,4.568151896645889e-05,False,7605
base,9b-base_20260909T073721Z,grad_norm,17,72664988.6908935,False,7637
base,9b-base_20260909T073721Z,raw_reward,18,0.00035424171982685604,False,7956
base,9b-base_20260909T073721Z,grad_norm,18,117675919.49342853,False,7989
base,9b-base_20260909T073721Z,raw_reward,19,0.000321354533781161,False,8302
base,9b-base_20260909T073721Z,grad_norm,19,158228620.59781483,False,8334
base,9b-base_20260909T073721Z,raw_reward,20,0.004696300893388239,False,8647
base,9b-base_20260909T073721Z,grad_norm,20,71626126.01453456,False,8679
base,9b-base_20260909T073721Z,raw_reward,21,0.00047983552369873506,False,9061
base,9b-base_20260909T073721Z,grad_norm,21,70495742.77844676,False,9093
base,9b-base_20260909T073721Z,raw_reward,22,0.004548908568978903,False,9338
base,9b-base_20260909T073721Z,grad_norm,22,55480881.09926676,False,9371
base,9b-base_20260909T073721Z,raw_reward,23,0.0,False,9633
base,9b-base_20260909T073721Z,grad_norm,23,56816948.195757784,False,9665
base,9b-base_20260909T073721Z,raw_reward,24,0.00188093165106102,False,10043
base,9b-base_20260909T073721Z,grad_norm,24,57104377.20589566,False,10075
base,9b-base_20260909T073721Z,raw_reward,25,0.007019044566642332,False,10402
base,9b-base_20260909T073721Z,grad_norm,25,57779545.96305817,False,10434
base,9b-base_20260909T073721Z,raw_reward,26,0.0,False,11099
base,9b-base_20260909T073721Z,grad_norm,26,67963035.98354858,False,11131
base,9b-base_20260909T073721Z,raw_reward,27,6.477586164179566e-05,False,11396
base,9b-base_20260909T073721Z,no_gradient_groups,0,0.0,,2163
base,9b-base_20260909T073721Z,no_gradient_groups,1,0.0,,2457
base,9b-base_20260909T073721Z,no_gradient_groups,2,0.0,,2796
base,9b-base_20260909T073721Z,no_gradient_groups,3,0.0,,3125
base,9b-base_20260909T073721Z,no_gradient_groups,4,0.0,,3427
base,9b-base_20260909T073721Z,no_gradient_groups,5,0.0,,3682
base,9b-base_20260909T073721Z,no_gradient_groups,6,0.0,,3965
base,9b-base_20260909T073721Z,no_gradient_groups,7,1.0,,4387
base,9b-base_20260909T073721Z,no_gradient_groups,8,0.0,,4701
base,9b-base_20260909T073721Z,no_gradient_groups,9,1.0,,4951
base,9b-base_20260909T073721Z,no_gradient_groups,10,1.0,,5246
base,9b-base_20260909T073721Z,no_gradient_groups,11,1.0,,5631
base,9b-base_20260909T073721Z,no_gradient_groups,12,1.0,,5884
base,9b-base_20260909T073721Z,no_gradient_groups,13,0.0,,6149
base,9b-base_20260909T073721Z,no_gradient_groups,14,1.0,,6462
base,9b-base_20260909T073721Z,no_gradient_groups,15,0.0,,6949
base,9b-base_20260909T073721Z,no_gradient_groups,16,2.0,,7210
base,9b-base_20260909T073721Z,no_gradient_groups,17,1.0,,7560
base,9b-base_20260909T073721Z,no_gradient_groups,18,1.0,,7910
base,9b-base_20260909T073721Z,no_gradient_groups,19,1.0,,8257
base,9b-base_20260909T073721Z,no_gradient_groups,20,0.0,,8606
base,9b-base_20260909T073721Z,no_gradient_groups,21,1.0,,9015
base,9b-base_20260909T073721Z,no_gradient_groups,22,1.0,,9292
base,9b-base_20260909T073721Z,no_gradient_groups,23,2.0,,9587
base,9b-base_20260909T073721Z,no_gradient_groups,24,0.0,,9997
base,9b-base_20260909T073721Z,no_gradient_groups,25,0.0,,10355
base,9b-base_20260909T073721Z,no_gradient_groups,26,2.0,,11081
base,9b-base_20260909T073721Z,no_gradient_groups,27,1.0,,11350
sft,9b-sft_20260909T071143Z,raw_reward,0,0.0,False,2245
sft,9b-sft_20260909T071143Z,grad_norm,0,7982010392.069662,False,2269
sft,9b-sft_20260909T071143Z,raw_reward,1,0.006639535388266511,False,2688
sft,9b-sft_20260909T071143Z,grad_norm,1,889267.7641475598,False,2720
sft,9b-sft_20260909T071143Z,raw_reward,2,0.00968470486932696,False,3133
sft,9b-sft_20260909T071143Z,grad_norm,2,556884438.8840445,False,3163
sft,9b-sft_20260909T071143Z,raw_reward,3,0.005143464093339718,False,3547
sft,9b-sft_20260909T071143Z,grad_norm,3,34487290670.30808,False,3577
sft,9b-sft_20260909T071143Z,raw_reward,4,0.0001584559171360217,False,3881
sft,9b-sft_20260909T071143Z,grad_norm,4,467412115262.937,False,3891
sft,9b-sft_20260909T071143Z,raw_reward,5,0.008823982342927118,False,4379
sft,9b-sft_20260909T071143Z,grad_norm,5,876298616.0186162,False,4389
sft,9b-sft_20260909T071143Z,raw_reward,6,0.0027259727245624032,False,4812
sft,9b-sft_20260909T071143Z,grad_norm,6,58008898.03607057,False,4842
sft,9b-sft_20260909T071143Z,raw_reward,7,0.033867361031979897,False,5255
sft,9b-sft_20260909T071143Z,grad_norm,7,677763698621.9332,False,5285
sft,9b-sft_20260909T071143Z,raw_reward,8,0.0001718608659023041,False,5652
sft,9b-sft_20260909T071143Z,grad_norm,8,44756351.56199612,False,5682
sft,9b-sft_20260909T071143Z,raw_reward,9,0.00010313650896993931,False,6039
sft,9b-sft_20260909T071143Z,grad_norm,9,35984592094.36379,False,6049
sft,9b-sft_20260909T071143Z,raw_reward,10,0.0005931919599777083,False,6514
sft,9b-sft_20260909T071143Z,grad_norm,10,1354479200.0856254,False,6544
sft,9b-sft_20260909T071143Z,raw_reward,11,0.016535921065348527,False,6869
sft,9b-sft_20260909T071143Z,grad_norm,11,17646980.81623528,False,6877
sft,9b-sft_20260909T071143Z,raw_reward,12,4.649978024206386e-05,False,7162
sft,9b-sft_20260909T071143Z,grad_norm,12,2561249.5894246623,False,7170
sft,9b-sft_20260909T071143Z,raw_reward,13,0.0006474827948742962,False,7610
sft,9b-sft_20260909T071143Z,grad_norm,13,1266477216.1166787,False,7640
sft,9b-sft_20260909T071143Z,raw_reward,14,0.016227987457474585,False,8175
sft,9b-sft_20260909T071143Z,grad_norm,14,35881949.38544605,False,8187
sft,9b-sft_20260909T071143Z,raw_reward,15,0.13911882640988318,False,8701
sft,9b-sft_20260909T071143Z,grad_norm,15,25270308.432099517,False,8733
sft,9b-sft_20260909T071143Z,raw_reward,16,0.00026942573754352994,False,9170
sft,9b-sft_20260909T071143Z,grad_norm,16,31394948.37925057,False,9200
sft,9b-sft_20260909T071143Z,raw_reward,17,0.001736351421112177,False,9657
sft,9b-sft_20260909T071143Z,grad_norm,17,8150236909.034574,False,9687
sft,9b-sft_20260909T071143Z,raw_reward,18,0.00025215156274278894,False,10117
sft,9b-sft_20260909T071143Z,grad_norm,18,64382218285.489105,False,10147
sft,9b-sft_20260909T071143Z,raw_reward,19,1.0510433840066336e-06,False,10704
sft,9b-sft_20260909T071143Z,grad_norm,19,175917576.8984453,False,10736
sft,9b-sft_20260909T071143Z,raw_reward,20,0.003726611382857542,False,11215
sft,9b-sft_20260909T071143Z,grad_norm,20,23135759.177457567,False,11247
sft,9b-sft_20260909T071143Z,raw_reward,21,0.017609131571302734,False,11717
sft,9b-sft_20260909T071143Z,grad_norm,21,45621979641.80298,False,11747
sft,9b-sft_20260909T071143Z,raw_reward,22,4.0623973821721227e-05,False,12153
sft,9b-sft_20260909T071143Z,grad_norm,22,55079348.03783676,False,12183
sft,9b-sft_20260909T071143Z,raw_reward,23,0.01782696636502621,False,12714
sft,9b-sft_20260909T071143Z,grad_norm,23,50160278.928168654,False,12744
sft,9b-sft_20260909T071143Z,raw_reward,24,0.0,False,13086
sft,9b-sft_20260909T071143Z,grad_norm,24,14385703.64318131,False,13094
sft,9b-sft_20260909T071143Z,raw_reward,25,2.405602438443344e-06,False,13431
sft,9b-sft_20260909T071143Z,grad_norm,25,22779341866.670612,False,13439
sft,9b-sft_20260909T071143Z,raw_reward,26,0.0,False,13794
sft,9b-sft_20260909T071143Z,grad_norm,26,53607744490.61933,False,13802
sft,9b-sft_20260909T071143Z,raw_reward,27,0.008459352139472472,False,14292
sft,9b-sft_20260909T071143Z,grad_norm,27,34516.546756591975,False,14324
sft,9b-sft_20260909T071143Z,raw_reward,28,0.0009783715388013425,False,14757
sft,9b-sft_20260909T071143Z,grad_norm,28,2340091462.3024254,False,14767
sft,9b-sft_20260909T071143Z,raw_reward,29,0.0,False,15144
sft,9b-sft_20260909T071143Z,grad_norm,29,29002210.384520143,False,15152
sft,9b-sft_20260909T071143Z,raw_reward,30,0.005732254013696432,False,15696
sft,9b-sft_20260909T071143Z,grad_norm,30,2131115476.705101,False,15728
sft,9b-sft_20260909T071143Z,raw_reward,31,0.0,False,16162
sft,9b-sft_20260909T071143Z,grad_norm,31,184618290037.26688,False,16192
sft,9b-sft_20260909T071143Z,raw_reward,32,0.0,False,16682
sft,9b-sft_20260909T071143Z,grad_norm,32,46612733.38982094,False,16712
sft,9b-sft_20260909T071143Z,raw_reward,33,0.0,False,17141
sft,9b-sft_20260909T071143Z,grad_norm,33,231363317.88747248,False,17171
sft,9b-sft_20260909T071143Z,raw_reward,34,0.001090952316880514,False,17675
sft,9b-sft_20260909T071143Z,grad_norm,34,28540775.163769886,False,17705
sft,9b-sft_20260909T071143Z,raw_reward,35,1.5486020518248877e-05,False,18145
sft,9b-sft_20260909T071143Z,grad_norm,35,9076398265.178762,False,18155
sft,9b-sft_20260909T071143Z,raw_reward,36,0.0,False,18558
sft,9b-sft_20260909T071143Z,grad_norm,36,14660491.523739304,False,18568
sft,9b-sft_20260909T071143Z,raw_reward,37,8.582995460316989e-05,False,18964
sft,9b-sft_20260909T071143Z,grad_norm,37,6070949876.793565,False,18994
sft,9b-sft_20260909T071143Z,raw_reward,38,0.0,False,19433
sft,9b-sft_20260909T071143Z,grad_norm,38,149296613278.2665,False,19463
sft,9b-sft_20260909T071143Z,raw_reward,39,0.0001845924239481378,False,19883
sft,9b-sft_20260909T071143Z,grad_norm,39,837957038586.3635,False,19893
sft,9b-sft_20260909T071143Z,raw_reward,40,0.0,False,20236
sft,9b-sft_20260909T071143Z,grad_norm,40,1504114747.1605518,False,20244
sft,9b-sft_20260909T071143Z,raw_reward,41,6.184524698147481e-05,False,20810
sft,9b-sft_20260909T071143Z,grad_norm,41,37000237.89618829,False,20842
sft,9b-sft_20260909T071143Z,raw_reward,42,0.0030665558381941724,False,21284
sft,9b-sft_20260909T071143Z,grad_norm,42,803142864.4761262,False,21294
sft,9b-sft_20260909T071143Z,raw_reward,43,0.0,False,21729
sft,9b-sft_20260909T071143Z,grad_norm,43,133.8012022320801,False,21739
sft,9b-sft_20260909T071143Z,raw_reward,44,0.0,False,22214
sft,9b-sft_20260909T071143Z,grad_norm,44,310707883.1659491,False,22244
sft,9b-sft_20260909T071143Z,raw_reward,45,0.00017020673179073131,False,22707
sft,9b-sft_20260909T071143Z,grad_norm,45,6493987868.368038,False,22737
sft,9b-sft_20260909T071143Z,raw_reward,46,0.0011831216273641074,False,23182
sft,9b-sft_20260909T071143Z,grad_norm,46,159262.60799070194,False,23212
sft,9b-sft_20260909T071143Z,raw_reward,47,0.0,False,23650
sft,9b-sft_20260909T071143Z,grad_norm,47,142801334.9152117,False,23660
sft,9b-sft_20260909T071143Z,raw_reward,48,9.547496354136986e-07,False,24147
sft,9b-sft_20260909T071143Z,grad_norm,48,24790453.847180452,False,24177
sft,9b-sft_20260909T071143Z,raw_reward,49,0.0,False,24496
sft,9b-sft_20260909T071143Z,grad_norm,49,4028.7298246469695,False,24504
sft,9b-sft_20260909T071143Z,no_gradient_groups,0,2.0,,2209
sft,9b-sft_20260909T071143Z,no_gradient_groups,1,0.0,,2649
sft,9b-sft_20260909T071143Z,no_gradient_groups,2,0.0,,3089
sft,9b-sft_20260909T071143Z,no_gradient_groups,3,0.0,,3503
sft,9b-sft_20260909T071143Z,no_gradient_groups,4,1.0,,3844
sft,9b-sft_20260909T071143Z,no_gradient_groups,5,0.0,,4318
sft,9b-sft_20260909T071143Z,no_gradient_groups,6,1.0,,4775
sft,9b-sft_20260909T071143Z,no_gradient_groups,7,1.0,,5211
sft,9b-sft_20260909T071143Z,no_gradient_groups,8,1.0,,5608
sft,9b-sft_20260909T071143Z,no_gradient_groups,9,0.0,,5994
sft,9b-sft_20260909T071143Z,no_gradient_groups,10,0.0,,6470
sft,9b-sft_20260909T071143Z,no_gradient_groups,11,0.0,,6827
sft,9b-sft_20260909T071143Z,no_gradient_groups,12,1.0,,7119
sft,9b-sft_20260909T071143Z,no_gradient_groups,13,0.0,,7564
sft,9b-sft_20260909T071143Z,no_gradient_groups,14,0.0,,8109
sft,9b-sft_20260909T071143Z,no_gradient_groups,15,0.0,,8655
sft,9b-sft_20260909T071143Z,no_gradient_groups,16,1.0,,9134
sft,9b-sft_20260909T071143Z,no_gradient_groups,17,0.0,,9613
sft,9b-sft_20260909T071143Z,no_gradient_groups,18,1.0,,10072
sft,9b-sft_20260909T071143Z,no_gradient_groups,19,1.0,,10660
sft,9b-sft_20260909T071143Z,no_gradient_groups,20,0.0,,11169
sft,9b-sft_20260909T071143Z,no_gradient_groups,21,1.0,,11673
sft,9b-sft_20260909T071143Z,no_gradient_groups,22,1.0,,12109
sft,9b-sft_20260909T071143Z,no_gradient_groups,23,0.0,,12670
sft,9b-sft_20260909T071143Z,no_gradient_groups,24,2.0,,13072
sft,9b-sft_20260909T071143Z,no_gradient_groups,25,1.0,,13399
sft,9b-sft_20260909T071143Z,no_gradient_groups,26,2.0,,13759
sft,9b-sft_20260909T071143Z,no_gradient_groups,27,1.0,,14246
sft,9b-sft_20260909T071143Z,no_gradient_groups,28,0.0,,14712
sft,9b-sft_20260909T071143Z,no_gradient_groups,29,2.0,,15110
sft,9b-sft_20260909T071143Z,no_gradient_groups,30,0.0,,15650
sft,9b-sft_20260909T071143Z,no_gradient_groups,31,2.0,,16117
sft,9b-sft_20260909T071143Z,no_gradient_groups,32,2.0,,16637
sft,9b-sft_20260909T071143Z,no_gradient_groups,33,2.0,,17096
sft,9b-sft_20260909T071143Z,no_gradient_groups,34,1.0,,17631
sft,9b-sft_20260909T071143Z,no_gradient_groups,35,1.0,,18104
sft,9b-sft_20260909T071143Z,no_gradient_groups,36,2.0,,18513
sft,9b-sft_20260909T071143Z,no_gradient_groups,37,1.0,,18920
sft,9b-sft_20260909T071143Z,no_gradient_groups,38,2.0,,19390
sft,9b-sft_20260909T071143Z,no_gradient_groups,39,1.0,,19838
sft,9b-sft_20260909T071143Z,no_gradient_groups,40,2.0,,20197
sft,9b-sft_20260909T071143Z,no_gradient_groups,41,1.0,,20764
sft,9b-sft_20260909T071143Z,no_gradient_groups,42,1.0,,21268
sft,9b-sft_20260909T071143Z,no_gradient_groups,43,2.0,,21684
sft,9b-sft_20260909T071143Z,no_gradient_groups,44,2.0,,22169
sft,9b-sft_20260909T071143Z,no_gradient_groups,45,1.0,,22672
sft,9b-sft_20260909T071143Z,no_gradient_groups,46,1.0,,23141
sft,9b-sft_20260909T071143Z,no_gradient_groups,47,2.0,,23606
sft,9b-sft_20260909T071143Z,no_gradient_groups,48,1.0,,24110
sft,9b-sft_20260909T071143Z,no_gradient_groups,49,2.0,,24453
sft2,9b-sft-gbs2_20260909T094256Z,raw_reward,0,0.0,False,2441
sft2,9b-sft-gbs2_20260909T094256Z,grad_norm,0,110789533.56371732,False,2458
sft2,9b-sft-gbs2_20260909T094256Z,grad_norm,1,139987916054.8105,False,2470
sft2,9b-sft-gbs2_20260909T094256Z,raw_reward,1,0.0,False,2860
sft2,9b-sft-gbs2_20260909T094256Z,grad_norm,2,28535291.32858412,False,2868
sft2,9b-sft-gbs2_20260909T094256Z,grad_norm,3,119.16834616022201,False,2871
sft2,9b-sft-gbs2_20260909T094256Z,raw_reward,2,0.01248063885306467,False,3417
sft2,9b-sft-gbs2_20260909T094256Z,grad_norm,4,1143723.8285949978,False,3423
sft2,9b-sft-gbs2_20260909T094256Z,grad_norm,5,9153831.487791328,False,3428
sft2,9b-sft-gbs2_20260909T094256Z,raw_reward,3,3.8533565080788035e-05,False,4045
sft2,9b-sft-gbs2_20260909T094256Z,grad_norm,6,22214130.257999297,False,4053
sft2,9b-sft-gbs2_20260909T094256Z,grad_norm,7,101453.78833735091,False,4058
sft2,9b-sft-gbs2_20260909T094256Z,raw_reward,4,0.0,False,4573
sft2,9b-sft-gbs2_20260909T094256Z,grad_norm,8,3129367164.6599803,False,4581
sft2,9b-sft-gbs2_20260909T094256Z,grad_norm,9,48082827855.25108,False,4586
sft2,9b-sft-gbs2_20260909T094256Z,raw_reward,5,0.002063130862209557,False,5057
sft2,9b-sft-gbs2_20260909T094256Z,grad_norm,10,26510990216.745388,False,5065
sft2,9b-sft-gbs2_20260909T094256Z,grad_norm,11,762391372.0834416,False,5090
sft2,9b-sft-gbs2_20260909T094256Z,raw_reward,6,0.0,False,5504
sft2,9b-sft-gbs2_20260909T094256Z,grad_norm,12,193595651.27941254,False,5512
sft2,9b-sft-gbs2_20260909T094256Z,grad_norm,13,1957017733.1009746,False,5535
sft2,9b-sft-gbs2_20260909T094256Z,raw_reward,7,0.007476411932622037,False,5961
sft2,9b-sft-gbs2_20260909T094256Z,grad_norm,14,15060119129.970024,False,5967
sft2,9b-sft-gbs2_20260909T094256Z,grad_norm,15,64885960421.70829,False,5992
sft2,9b-sft-gbs2_20260909T094256Z,raw_reward,8,0.0,False,6533
sft2,9b-sft-gbs2_20260909T094256Z,grad_norm,16,9352687.953563724,False,6541
sft2,9b-sft-gbs2_20260909T094256Z,grad_norm,17,17447688.847595144,False,6566
sft2,9b-sft-gbs2_20260909T094256Z,raw_reward,9,0.0,False,7029
sft2,9b-sft-gbs2_20260909T094256Z,grad_norm,18,563.1710164328416,False,7037
sft2,9b-sft-gbs2_20260909T094256Z,grad_norm,19,10741744.186070342,False,7062
sft2,9b-sft-gbs2_20260909T094256Z,raw_reward,10,0.0,False,7523
sft2,9b-sft-gbs2_20260909T094256Z,grad_norm,20,29751505969.65112,False,7531
sft2,9b-sft-gbs2_20260909T094256Z,grad_norm,21,5851639411.697007,False,7554
sft2,9b-sft-gbs2_20260909T094256Z,raw_reward,11,1.4182355992369e-05,False,8116
sft2,9b-sft-gbs2_20260909T094256Z,grad_norm,22,13945357.600316457,False,8124
sft2,9b-sft-gbs2_20260909T094256Z,grad_norm,23,100000364807.78584,False,8149
sft2,9b-sft-gbs2_20260909T094256Z,raw_reward,12,0.0,False,8600
sft2,9b-sft-gbs2_20260909T094256Z,grad_norm,24,41236401.01944262,False,8606
sft2,9b-sft-gbs2_20260909T094256Z,grad_norm,25,30557545876.531094,False,8631
sft2,9b-sft-gbs2_20260909T094256Z,raw_reward,13,0.009326727240957663,False,9151
sft2,9b-sft-gbs2_20260909T094256Z,grad_norm,26,5633371092.069459,False,9157
sft2,9b-sft-gbs2_20260909T094256Z,grad_norm,27,9216207.528330078,False,9182
sft2,9b-sft-gbs2_20260909T094256Z,raw_reward,14,0.0005478034427727069,False,9557
sft2,9b-sft-gbs2_20260909T094256Z,grad_norm,28,45585673.435981706,False,9565
sft2,9b-sft-gbs2_20260909T094256Z,grad_norm,29,195775843.18633798,False,9590
sft2,9b-sft-gbs2_20260909T094256Z,raw_reward,15,0.0,False,10004
sft2,9b-sft-gbs2_20260909T094256Z,grad_norm,30,184909286.86648905,False,10012
sft2,9b-sft-gbs2_20260909T094256Z,grad_norm,31,13270779.572753366,False,10037
sft2,9b-sft-gbs2_20260909T094256Z,raw_reward,16,0.007764600431773669,False,10516
sft2,9b-sft-gbs2_20260909T094256Z,grad_norm,32,90080084.2738874,False,10524
sft2,9b-sft-gbs2_20260909T094256Z,grad_norm,33,83172000.7040831,False,10549
sft2,9b-sft-gbs2_20260909T094256Z,raw_reward,17,0.0011842005221119056,False,11140
sft2,9b-sft-gbs2_20260909T094256Z,grad_norm,34,11950687.013889033,False,11148
sft2,9b-sft-gbs2_20260909T094256Z,grad_norm,35,100731422.2802929,False,11173
sft2,9b-sft-gbs2_20260909T094256Z,raw_reward,18,0.0074726150373347,False,11645
sft2,9b-sft-gbs2_20260909T094256Z,grad_norm,36,121121361.52412026,False,11653
sft2,9b-sft-gbs2_20260909T094256Z,grad_norm,37,14896532.012394294,False,11678
sft2,9b-sft-gbs2_20260909T094256Z,raw_reward,19,0.0,False,12138
sft2,9b-sft-gbs2_20260909T094256Z,grad_norm,38,389.9150147788618,False,12146
sft2,9b-sft-gbs2_20260909T094256Z,grad_norm,39,111622031.25341535,False,12171
sft2,9b-sft-gbs2_20260909T094256Z,raw_reward,20,0.0,False,12581
sft2,9b-sft-gbs2_20260909T094256Z,grad_norm,40,304900829.09417033,False,12589
sft2,9b-sft-gbs2_20260909T094256Z,grad_norm,41,4469.415621756383,False,12612
sft2,9b-sft-gbs2_20260909T094256Z,raw_reward,21,0.0,False,13016
sft2,9b-sft-gbs2_20260909T094256Z,grad_norm,42,32448355625.92906,False,13022
sft2,9b-sft-gbs2_20260909T094256Z,grad_norm,43,102334269.889025,False,13047
sft2,9b-sft-gbs2_20260909T094256Z,raw_reward,22,0.0013679872650902494,False,13733
sft2,9b-sft-gbs2_20260909T094256Z,grad_norm,44,399821810.51848227,False,13741
sft2,9b-sft-gbs2_20260909T094256Z,grad_norm,45,2042704635.8598711,False,13766
sft2,9b-sft-gbs2_20260909T094256Z,raw_reward,23,5.517832733162309e-05,False,14161
sft2,9b-sft-gbs2_20260909T094256Z,grad_norm,46,1521383.166548125,False,14169
sft2,9b-sft-gbs2_20260909T094256Z,grad_norm,47,112292684.96957305,False,14194
sft2,9b-sft-gbs2_20260909T094256Z,raw_reward,24,0.0014800940836327062,False,14787
sft2,9b-sft-gbs2_20260909T094256Z,grad_norm,48,24892850.19260141,False,14795
sft2,9b-sft-gbs2_20260909T094256Z,grad_norm,49,27271925821.001205,False,14820
sft2,9b-sft-gbs2_20260909T094256Z,raw_reward,25,5.615950062854563e-05,False,15394
sft2,9b-sft-gbs2_20260909T094256Z,grad_norm,50,242723697418.62485,False,15402
sft2,9b-sft-gbs2_20260909T094256Z,grad_norm,51,25511115454.61427,False,15427
sft2,9b-sft-gbs2_20260909T094256Z,raw_reward,26,0.000560433909507406,False,16068
sft2,9b-sft-gbs2_20260909T094256Z,grad_norm,52,89238177.97666216,False,16076
sft2,9b-sft-gbs2_20260909T094256Z,grad_norm,53,339239.6776793658,False,16101
sft2,9b-sft-gbs2_20260909T094256Z,raw_reward,27,0.0017586155721874414,False,16477
sft2,9b-sft-gbs2_20260909T094256Z,grad_norm,54,54658122745.72996,False,16485
sft2,9b-sft-gbs2_20260909T094256Z,grad_norm,55,34465.923808886946,False,16488
sft2,9b-sft-gbs2_20260909T094256Z,raw_reward,28,0.0,False,16934
sft2,9b-sft-gbs2_20260909T094256Z,grad_norm,56,95995286.3385501,False,16940
sft2,9b-sft-gbs2_20260909T094256Z,grad_norm,57,9017164.222600363,False,16965
sft2,9b-sft-gbs2_20260909T094256Z,no_gradient_groups,0,2.0,,2386
sft2,9b-sft-gbs2_20260909T094256Z,no_gradient_groups,1,2.0,,2785
sft2,9b-sft-gbs2_20260909T094256Z,no_gradient_groups,2,0.0,,3343
sft2,9b-sft-gbs2_20260909T094256Z,no_gradient_groups,3,1.0,,3965
sft2,9b-sft-gbs2_20260909T094256Z,no_gradient_groups,4,2.0,,4493
sft2,9b-sft-gbs2_20260909T094256Z,no_gradient_groups,5,0.0,,4997
sft2,9b-sft-gbs2_20260909T094256Z,no_gradient_groups,6,2.0,,5448
sft2,9b-sft-gbs2_20260909T094256Z,no_gradient_groups,7,1.0,,5906
sft2,9b-sft-gbs2_20260909T094256Z,no_gradient_groups,8,2.0,,6474
sft2,9b-sft-gbs2_20260909T094256Z,no_gradient_groups,9,2.0,,6968
sft2,9b-sft-gbs2_20260909T094256Z,no_gradient_groups,10,2.0,,7468
sft2,9b-sft-gbs2_20260909T094256Z,no_gradient_groups,11,1.0,,8060
sft2,9b-sft-gbs2_20260909T094256Z,no_gradient_groups,12,2.0,,8548
sft2,9b-sft-gbs2_20260909T094256Z,no_gradient_groups,13,0.0,,9096
sft2,9b-sft-gbs2_20260909T094256Z,no_gradient_groups,14,1.0,,9526
sft2,9b-sft-gbs2_20260909T094256Z,no_gradient_groups,15,2.0,,9944
sft2,9b-sft-gbs2_20260909T094256Z,no_gradient_groups,16,0.0,,10458
sft2,9b-sft-gbs2_20260909T094256Z,no_gradient_groups,17,1.0,,11085
sft2,9b-sft-gbs2_20260909T094256Z,no_gradient_groups,18,1.0,,11593
sft2,9b-sft-gbs2_20260909T094256Z,no_gradient_groups,19,2.0,,12079
sft2,9b-sft-gbs2_20260909T094256Z,no_gradient_groups,20,2.0,,12533
sft2,9b-sft-gbs2_20260909T094256Z,no_gradient_groups,21,2.0,,12961
sft2,9b-sft-gbs2_20260909T094256Z,no_gradient_groups,22,1.0,,13673
sft2,9b-sft-gbs2_20260909T094256Z,no_gradient_groups,23,0.0,,14102
sft2,9b-sft-gbs2_20260909T094256Z,no_gradient_groups,24,1.0,,14734
sft2,9b-sft-gbs2_20260909T094256Z,no_gradient_groups,25,1.0,,15363
sft2,9b-sft-gbs2_20260909T094256Z,no_gradient_groups,26,1.0,,16013
sft2,9b-sft-gbs2_20260909T094256Z,no_gradient_groups,27,1.0,,16422
sft2,9b-sft-gbs2_20260909T094256Z,no_gradient_groups,28,2.0,,16883
k8,k8sft_20260909T200313Z,raw_reward,0,0.036172874841186656,False,2138
k8,k8sft_20260909T200313Z,grad_norm,0,,True,2170
k8,k8sft_20260909T200313Z,grad_norm,1,,True,2183
k8,k8sft_20260909T200313Z,raw_reward,1,0.023567258262866056,False,2430
k8,k8sft_20260909T200313Z,grad_norm,2,,True,2448
k8,k8sft_20260909T200313Z,grad_norm,3,,True,2463
k8,k8sft_20260909T200313Z,raw_reward,2,0.06254991541066236,False,2689
k8,k8sft_20260909T200313Z,grad_norm,4,,True,2725
k8,k8sft_20260909T200313Z,grad_norm,5,,True,2742
k8,k8sft_20260909T200313Z,raw_reward,3,0.06665635489998596,False,2963
k8,k8sft_20260909T200313Z,grad_norm,6,,True,2999
k8,k8sft_20260909T200313Z,grad_norm,7,,True,3012
k8,k8sft_20260909T200313Z,raw_reward,4,0.010302975890120629,False,3216
k8,k8sft_20260909T200313Z,grad_norm,8,,True,3253
k8,k8sft_20260909T200313Z,grad_norm,9,,True,3264
k8,k8sft_20260909T200313Z,raw_reward,5,0.013414365897290486,False,3487
k8,k8sft_20260909T200313Z,grad_norm,10,,True,3523
k8,k8sft_20260909T200313Z,grad_norm,11,,True,3540
k8,k8sft_20260909T200313Z,raw_reward,6,0.009489085855736816,False,3760
k8,k8sft_20260909T200313Z,grad_norm,12,,True,3799
k8,k8sft_20260909T200313Z,grad_norm,13,,True,3810
k8,k8sft_20260909T200313Z,raw_reward,7,0.005266611265488989,False,4025
k8,k8sft_20260909T200313Z,grad_norm,14,,True,4061
k8,k8sft_20260909T200313Z,grad_norm,15,,True,4074
k8,k8sft_20260909T200313Z,raw_reward,8,0.029264818771863637,False,4323
k8,k8sft_20260909T200313Z,grad_norm,16,,True,4341
k8,k8sft_20260909T200313Z,grad_norm,17,,True,4352
k8,k8sft_20260909T200313Z,raw_reward,9,0.011656671271275721,False,4600
k8,k8sft_20260909T200313Z,grad_norm,18,,True,4637
k8,k8sft_20260909T200313Z,grad_norm,19,,True,4650
k8,k8sft_20260909T200313Z,raw_reward,10,0.0025349034240084774,False,4893
k8,k8sft_20260909T200313Z,grad_norm,20,,True,4929
k8,k8sft_20260909T200313Z,grad_norm,21,,True,4942
k8,k8sft_20260909T200313Z,raw_reward,11,0.005267407656837621,False,5183
k8,k8sft_20260909T200313Z,grad_norm,22,,True,5215
k8,k8sft_20260909T200313Z,grad_norm,23,,True,5230
k8,k8sft_20260909T200313Z,raw_reward,12,0.0009790741455951175,False,5476
k8,k8sft_20260909T200313Z,grad_norm,24,,True,5512
k8,k8sft_20260909T200313Z,grad_norm,25,,True,5525
k8,k8sft_20260909T200313Z,raw_reward,13,2.464013881283214e-05,False,5746
k8,k8sft_20260909T200313Z,grad_norm,26,,True,5782
k8,k8sft_20260909T200313Z,grad_norm,27,,True,5791
k8,k8sft_20260909T200313Z,raw_reward,14,0.005181352775947506,False,6017
k8,k8sft_20260909T200313Z,grad_norm,28,,True,6053
k8,k8sft_20260909T200313Z,grad_norm,29,,True,6066
k8,k8sft_20260909T200313Z,raw_reward,15,0.00036266767140079315,False,6303
k8,k8sft_20260909T200313Z,grad_norm,30,,True,6339
k8,k8sft_20260909T200313Z,grad_norm,31,,True,6350
k8,k8sft_20260909T200313Z,raw_reward,16,0.00047915331474203057,False,6595
k8,k8sft_20260909T200313Z,grad_norm,32,,True,6633
k8,k8sft_20260909T200313Z,grad_norm,33,,True,6646
k8,k8sft_20260909T200313Z,raw_reward,17,0.008819452847678173,False,6940
k8,k8sft_20260909T200313Z,grad_norm,34,,True,6976
k8,k8sft_20260909T200313Z,grad_norm,35,,True,6991
k8,k8sft_20260909T200313Z,raw_reward,18,0.004159867004105859,False,7235
k8,k8sft_20260909T200313Z,grad_norm,36,,True,7269
k8,k8sft_20260909T200313Z,grad_norm,37,,True,7284
k8,k8sft_20260909T200313Z,raw_reward,19,0.0050701820122945294,False,7561
k8,k8sft_20260909T200313Z,grad_norm,38,,True,7593
k8,k8sft_20260909T200313Z,grad_norm,39,,True,7606
k8,k8sft_20260909T200313Z,raw_reward,20,0.0010739527646212894,False,7856
k8,k8sft_20260909T200313Z,grad_norm,40,,True,7891
k8,k8sft_20260909T200313Z,grad_norm,41,,True,7902
k8,k8sft_20260909T200313Z,raw_reward,21,0.0006797185313111905,False,8154
k8,k8sft_20260909T200313Z,grad_norm,42,,True,8192
k8,k8sft_20260909T200313Z,grad_norm,43,,True,8207
k8,k8sft_20260909T200313Z,raw_reward,22,0.0012722686752406915,False,8487
k8,k8sft_20260909T200313Z,grad_norm,44,,True,8523
k8,k8sft_20260909T200313Z,grad_norm,45,,True,8540
k8,k8sft_20260909T200313Z,raw_reward,23,0.003963033668189118,False,8817
k8,k8sft_20260909T200313Z,grad_norm,46,,True,8851
k8,k8sft_20260909T200313Z,grad_norm,47,,True,8862
k8,k8sft_20260909T200313Z,raw_reward,24,0.0036968348272870266,False,9120
k8,k8sft_20260909T200313Z,grad_norm,48,,True,9156
k8,k8sft_20260909T200313Z,grad_norm,49,,True,9169
k8,k8sft_20260909T200313Z,raw_reward,25,0.0001560820664279882,False,9453
k8,k8sft_20260909T200313Z,grad_norm,50,,True,9489
k8,k8sft_20260909T200313Z,grad_norm,51,,True,9500
k8,k8sft_20260909T200313Z,raw_reward,26,0.0004581872081693347,False,9839
k8,k8sft_20260909T200313Z,grad_norm,52,,True,9857
k8,k8sft_20260909T200313Z,grad_norm,53,,True,9870
k8,k8sft_20260909T200313Z,raw_reward,27,0.000469065613701275,False,10171
k8,k8sft_20260909T200313Z,grad_norm,54,,True,10207
k8,k8sft_20260909T200313Z,grad_norm,55,,True,10222
k8,k8sft_20260909T200313Z,raw_reward,28,0.0027560312825915204,False,10607
k8,k8sft_20260909T200313Z,grad_norm,56,,True,10643
k8,k8sft_20260909T200313Z,grad_norm,57,,True,10658
k8,k8sft_20260909T200313Z,raw_reward,29,4.051682699511387e-05,False,10941
k8,k8sft_20260909T200313Z,grad_norm,58,,True,10975
k8,k8sft_20260909T200313Z,grad_norm,59,,True,10990
k8,k8sft_20260909T200313Z,raw_reward,30,9.457087916282456e-05,False,11281
k8,k8sft_20260909T200313Z,grad_norm,60,,True,11319
k8,k8sft_20260909T200313Z,grad_norm,61,,True,11332
k8,k8sft_20260909T200313Z,raw_reward,31,0.00015761018853941051,False,11657
k8,k8sft_20260909T200313Z,grad_norm,62,,True,11691
k8,k8sft_20260909T200313Z,grad_norm,63,,True,11704
k8,k8sft_20260909T200313Z,raw_reward,32,0.00020207323143341463,False,12023
k8,k8sft_20260909T200313Z,grad_norm,64,,True,12063
k8,k8sft_20260909T200313Z,grad_norm,65,,True,12074
k8,k8sft_20260909T200313Z,raw_reward,33,0.00017037471805754663,False,12407
k8,k8sft_20260909T200313Z,grad_norm,66,,True,12441
k8,k8sft_20260909T200313Z,grad_norm,67,,True,12452
k8,k8sft_20260909T200313Z,raw_reward,34,0.0005893552809165762,False,12751
k8,k8sft_20260909T200313Z,grad_norm,68,,True,12783
k8,k8sft_20260909T200313Z,grad_norm,69,,True,12794
k8,k8sft_20260909T200313Z,raw_reward,35,0.001253646286133359,False,13163
k8,k8sft_20260909T200313Z,grad_norm,70,,True,13199
k8,k8sft_20260909T200313Z,grad_norm,71,,True,13212
k8,k8sft_20260909T200313Z,raw_reward,36,8.098251846281462e-07,False,13574
k8,k8sft_20260909T200313Z,grad_norm,72,,True,13611
k8,k8sft_20260909T200313Z,grad_norm,73,,True,13624
k8,k8sft_20260909T200313Z,raw_reward,37,0.0037866495939845434,False,14429
k8,k8sft_20260909T200313Z,grad_norm,74,,True,14447
k8,k8sft_20260909T200313Z,grad_norm,75,,True,14462
k8,k8sft_20260909T200313Z,raw_reward,38,0.000388679512574033,False,14786
k8,k8sft_20260909T200313Z,grad_norm,76,,True,14825
k8,k8sft_20260909T200313Z,grad_norm,77,,True,14838
k8,k8sft_20260909T200313Z,raw_reward,39,0.0,False,15144
k8,k8sft_20260909T200313Z,grad_norm,78,,True,15178
k8,k8sft_20260909T200313Z,grad_norm,79,,True,15191
k8,k8sft_20260909T200313Z,raw_reward,40,0.0012798607725935888,False,15530
k8,k8sft_20260909T200313Z,grad_norm,80,,True,15566
k8,k8sft_20260909T200313Z,grad_norm,81,,True,15579
k8,k8sft_20260909T200313Z,raw_reward,41,0.002332515042647053,False,15996
k8,k8sft_20260909T200313Z,grad_norm,82,,True,16032
k8,k8sft_20260909T200313Z,grad_norm,83,,True,16043
k8,k8sft_20260909T200313Z,raw_reward,42,0.016617514940839052,False,16624
k8,k8sft_20260909T200313Z,grad_norm,84,,True,16660
k8,k8sft_20260909T200313Z,grad_norm,85,,True,16673
k8,k8sft_20260909T200313Z,raw_reward,43,7.669882578181277e-05,False,17032
k8,k8sft_20260909T200313Z,grad_norm,86,,True,17070
k8,k8sft_20260909T200313Z,grad_norm,87,,True,17083
k8,k8sft_20260909T200313Z,raw_reward,44,0.005255061126972525,False,17739
k8,k8sft_20260909T200313Z,grad_norm,88,,True,17775
k8,k8sft_20260909T200313Z,grad_norm,89,,True,17786
k8,k8sft_20260909T200313Z,raw_reward,45,0.0005097827648525895,False,18139
k8,k8sft_20260909T200313Z,grad_norm,90,,True,18175
k8,k8sft_20260909T200313Z,grad_norm,91,,True,18186
k8,k8sft_20260909T200313Z,raw_reward,46,0.0028352020802245477,False,18771
k8,k8sft_20260909T200313Z,grad_norm,92,,True,18805
k8,k8sft_20260909T200313Z,grad_norm,93,,True,18816
k8,k8sft_20260909T200313Z,raw_reward,47,1.3402176811562819e-05,False,19146
k8,k8sft_20260909T200313Z,grad_norm,94,,True,19180
k8,k8sft_20260909T200313Z,grad_norm,95,,True,19193
k8,k8sft_20260909T200313Z,raw_reward,48,0.0005813092596301042,False,20128
k8,k8sft_20260909T200313Z,grad_norm,96,,True,20162
k8,k8sft_20260909T200313Z,grad_norm,97,,True,20175
k8,k8sft_20260909T200313Z,raw_reward,49,5.931277942824824e-05,False,20662
k8,k8sft_20260909T200313Z,grad_norm,98,,True,20700
k8,k8sft_20260909T200313Z,grad_norm,99,,True,20713
k8,k8sft_20260909T200313Z,no_gradient_groups,0,0.0,,2050
k8,k8sft_20260909T200313Z,no_gradient_groups,1,0.0,,2338
k8,k8sft_20260909T200313Z,no_gradient_groups,2,0.0,,2617
k8,k8sft_20260909T200313Z,no_gradient_groups,3,0.0,,2898
k8,k8sft_20260909T200313Z,no_gradient_groups,4,0.0,,3156
k8,k8sft_20260909T200313Z,no_gradient_groups,5,0.0,,3386
k8,k8sft_20260909T200313Z,no_gradient_groups,6,0.0,,3669
k8,k8sft_20260909T200313Z,no_gradient_groups,7,0.0,,3933
k8,k8sft_20260909T200313Z,no_gradient_groups,8,0.0,,4239
k8,k8sft_20260909T200313Z,no_gradient_groups,9,0.0,,4508
k8,k8sft_20260909T200313Z,no_gradient_groups,10,0.0,,4828
k8,k8sft_20260909T200313Z,no_gradient_groups,11,0.0,,5123
k8,k8sft_20260909T200313Z,no_gradient_groups,12,0.0,,5413
k8,k8sft_20260909T200313Z,no_gradient_groups,13,0.0,,5662
k8,k8sft_20260909T200313Z,no_gradient_groups,14,1.0,,5925
k8,k8sft_20260909T200313Z,no_gradient_groups,15,0.0,,6243
k8,k8sft_20260909T200313Z,no_gradient_groups,16,0.0,,6527
k8,k8sft_20260909T200313Z,no_gradient_groups,17,0.0,,6846
k8,k8sft_20260909T200313Z,no_gradient_groups,18,0.0,,7171
k8,k8sft_20260909T200313Z,no_gradient_groups,19,0.0,,7506
k8,k8sft_20260909T200313Z,no_gradient_groups,20,1.0,,7772
k8,k8sft_20260909T200313Z,no_gradient_groups,21,0.0,,8081
k8,k8sft_20260909T200313Z,no_gradient_groups,22,1.0,,8415
k8,k8sft_20260909T200313Z,no_gradient_groups,23,0.0,,8734
k8,k8sft_20260909T200313Z,no_gradient_groups,24,0.0,,9031
k8,k8sft_20260909T200313Z,no_gradient_groups,25,0.0,,9365
k8,k8sft_20260909T200313Z,no_gradient_groups,26,0.0,,9751
k8,k8sft_20260909T200313Z,no_gradient_groups,27,0.0,,10074
k8,k8sft_20260909T200313Z,no_gradient_groups,28,0.0,,10512
k8,k8sft_20260909T200313Z,no_gradient_groups,29,0.0,,10877
k8,k8sft_20260909T200313Z,no_gradient_groups,30,0.0,,11213
k8,k8sft_20260909T200313Z,no_gradient_groups,31,0.0,,11569
k8,k8sft_20260909T200313Z,no_gradient_groups,32,1.0,,11955
k8,k8sft_20260909T200313Z,no_gradient_groups,33,0.0,,12351
k8,k8sft_20260909T200313Z,no_gradient_groups,34,0.0,,12699
k8,k8sft_20260909T200313Z,no_gradient_groups,35,0.0,,13100
k8,k8sft_20260909T200313Z,no_gradient_groups,36,1.0,,13486
k8,k8sft_20260909T200313Z,no_gradient_groups,37,0.0,,14338
k8,k8sft_20260909T200313Z,no_gradient_groups,38,0.0,,14690
k8,k8sft_20260909T200313Z,no_gradient_groups,39,2.0,,15084
k8,k8sft_20260909T200313Z,no_gradient_groups,40,0.0,,15466
k8,k8sft_20260909T200313Z,no_gradient_groups,41,0.0,,15937
k8,k8sft_20260909T200313Z,no_gradient_groups,42,0.0,,16561
k8,k8sft_20260909T200313Z,no_gradient_groups,43,1.0,,16936
k8,k8sft_20260909T200313Z,no_gradient_groups,44,0.0,,17650
k8,k8sft_20260909T200313Z,no_gradient_groups,45,0.0,,18079
k8,k8sft_20260909T200313Z,no_gradient_groups,46,0.0,,18716
k8,k8sft_20260909T200313Z,no_gradient_groups,47,1.0,,19058
k8,k8sft_20260909T200313Z,no_gradient_groups,48,0.0,,20041
k8,k8sft_20260909T200313Z,no_gradient_groups,49,0.0,,20566
